discovered_at,platform,job_id,title,company,location,experience,job_url,status,jd_keywords,missing_keywords,tailored_resume_path
2026-10-04T12:06:09.161370,naukri,031026007064,Full Stack Developer (Node.js + React.js),Wissen Technology,Hybrid - Hyderabad,2-7 Yrs,https://www.naukri.com/job-listings-full-stack-developer-node-js-react-js-wissen-technology-hyderabad-2-to-7-years-031026007064,TAILORED_MANUAL,"react, typescript, rest api, node.js, docker","{'keyword': 'node.js', 'status': 'UNSUPPORTED', 'evidence': []}, {'keyword': 'docker', 'status': 'UNSUPPORTED', 'evidence': []}",generated/Abhishek_Anand_Tailored_Full_Stack_Developer_Node_js_React_js_031026007064.docx
2026-10-04T12:06:28.461054,naukri,031026004852,Full-Stack Developer,Digiswitch Infotech,Noida(Noida Greater Noida Expressway),1-5 Yrs,https://www.naukri.com/job-listings-full-stack-developer-digiswitch-infotech-pvt-ltd-noida-1-to-5-years-031026004852,TAILORED_MANUAL,"react, typescript, javascript, rest api, websockets, node.js","{'keyword': 'node.js', 'status': 'UNSUPPORTED', 'evidence': []}",generated/Abhishek_Anand_Tailored_Full_Stack_Developer_031026004852.docx
2026-10-04T12:06:39.446568,naukri,041026003355,DotNet Ai Software Developer (In-Office),Modi Consultants Mumbai,Mumbai(Laxmi Industrial Estate),2-5 Yrs,https://www.naukri.com/job-listings-dotnet-ai-software-developer-in-office-modi-consultants-mumbai-mumbai-2-to-5-years-041026003355,TAILORED_MANUAL,"react, node.js","{'keyword': 'node.js', 'status': 'UNSUPPORTED', 'evidence': []}",generated/Abhishek_Anand_Tailored_DotNet_Ai_Software_Developer_In_Office_041026003355.docx
2026-10-04T12:06:50.237099,naukri,031026007325,Junior Full Stack Developer,Wissen Technology,Hyderabad,3-8 Yrs,https://www.naukri.com/job-listings-junior-full-stack-developer-wissen-technology-hyderabad-3-to-8-years-031026007325,TAILORED_MANUAL,"react, javascript, node.js","{'keyword': 'node.js', 'status': 'UNSUPPORTED', 'evidence': []}",generated/Abhishek_Anand_Tailored_Junior_Full_Stack_Developer_031026007325.docx
2026-10-04T12:06:56.966587,naukri,030926010300,SDE - 1,Atmos Care,Pune,0-4 Yrs,https://www.naukri.com/job-listings-sde-1-atmos-care-pune-0-to-4-years-030926010300,TAILORED_MANUAL,"react, typescript, node.js","{'keyword': 'node.js', 'status': 'UNSUPPORTED', 'evidence': []}",generated/Abhishek_Anand_Tailored_SDE_1_030926010300.docx
2026-10-04T12:07:07.632286,naukri,290126029429,Frontend/Backend Developer,reowned Steel Factory in Jalna,Jalna(Jalna Industrial Area MIDC),0-3 Yrs,https://www.naukri.com/job-listings-frontend-backend-developer-reowned-steel-factory-in-jalna-jalna-0-to-3-years-290126029429,TAILORED_MANUAL,"react, node.js","{'keyword': 'node.js', 'status': 'UNSUPPORTED', 'evidence': []}",generated/Abhishek_Anand_Tailored_Frontend_Backend_Developer_290126029429.docx
2026-10-04T12:08:03.548733,naukri,021026014159,Web Developer,Inner Sanctum,Chennai,2-4 Yrs,https://www.naukri.com/job-listings-web-developer-inner-sanctum-chennai-2-to-4-years-021026014159,TAILORED_MANUAL,javascript,,generated/Abhishek_Anand_Tailored_Web_Developer_021026014159.docx
2026-10-04T12:08:33.842669,naukri,021026014081,Magento 2 Frontend Developer - Hyva Theme,Omnitech S.A. and Evelent SW AB,Remote,3-5 Yrs,https://www.naukri.com/job-listings-magento-2-frontend-developer-hyva-theme-omnitech-s-a-and-evelent-sw-ab-mumbai-all-areas-3-to-5-years-021026014081,TAILORED_MANUAL,"javascript, tailwind css, html5, css3",,generated/Abhishek_Anand_Tailored_Magento_2_Frontend_Developer_Hyva_Theme_021026014081.docx
2026-10-04T12:25:42.070972,naukri,031026009374,iOS Native & Hybrid Mobile Developer,Payment Gateway Solutions,"Mumbai(Mira Bhayandar +1), Mumbai Suburban",3-5 Yrs,https://www.naukri.com/job-listings-ios-native-hybrid-mobile-developer-gateway-solutions-mumbai-mumbai-suburban-3-to-5-years-031026009374,TAILORED_MANUAL,"javascript, rest api, websockets",,generated/Abhishek_Anand_Tailored_iOS_Native_Hybrid_Mobile_Developer_031026009374.docx
2026-10-04T12:30:50.140118,naukri,021026008830,Playwright Automation Testing,BriskWin IT (BWIT),Hyderabad,3-6 Yrs,https://www.naukri.com/job-listings-playwright-automation-testing-briskwin-it-bwit-hyderabad-3-to-6-years-021026008830,TAILORED_MANUAL,"typescript, javascript, azure","{'keyword': 'azure', 'status': 'UNSUPPORTED', 'evidence': []}",generated/Abhishek_Anand_Tailored_Playwright_Automation_Testing_021026008830.docx
2026-10-04T12:31:00.933995,naukri,021026011997,Full Stack Trainer,NareshIT,Hyderabad(Ameerpet),3-8 Yrs,https://www.naukri.com/job-listings-full-stack-trainer-nareshit-hyderabad-3-to-8-years-021026011997,TAILORED_MANUAL,"react, javascript",,generated/Abhishek_Anand_Tailored_Full_Stack_Trainer_021026011997.docx
2026-10-04T12:32:01.074746,naukri,021026012484,QA Engineer,Desicrew Solutions,"Gobichettipalayam, Puducherry, Mayiladuthurai, Chennai, Coimbatore, Bengaluru",3-7 Yrs,https://www.naukri.com/job-listings-qa-engineer-desicrew-solutions-gobichettipalayam-puducherry-mayiladuthurai-chennai-coimbatore-bengaluru-3-to-7-years-021026012484,TAILORED_MANUAL,"typescript, javascript",,generated/Abhishek_Anand_Tailored_QA_Engineer_021026012484.docx
2026-10-04T12:32:41.093162,naukri,031026003665,FULL STACK Developer Web & Mobile,Bharathaap Technologies,Sangareddy,2-3 Yrs,https://www.naukri.com/job-listings-full-stack-developer-web-mobile-bharathaap-technologies-sangareddy-2-to-3-years-031026003665,TAILORED_MANUAL,"react, next.js, rest api, node.js, docker","{'keyword': 'node.js', 'status': 'UNSUPPORTED', 'evidence': []}, {'keyword': 'docker', 'status': 'UNSUPPORTED', 'evidence': []}",generated/Abhishek_Anand_Tailored_FULL_STACK_Developer_Web_Mobile_031026003665.docx
2026-10-04T12:34:15.526482,naukri,031026002811,Java Full Stack Developer,XYZ Corporation,Hybrid - Pune,3-8 Yrs,https://www.naukri.com/job-listings-java-full-stack-developer-peoplefy-infosolutions-pune-3-to-8-years-031026002811,TAILORED_MANUAL,"react, rest api, node.js, docker","{'keyword': 'node.js', 'status': 'UNSUPPORTED', 'evidence': []}, {'keyword': 'docker', 'status': 'UNSUPPORTED', 'evidence': []}",generated/Abhishek_Anand_Tailored_Java_Full_Stack_Developer_031026002811.docx
2026-10-05T09:43:46.513655,naukri,041026004546,AI and Automation Developer GenAI AI Agents Full Stack,Navjyoti Global Solutions Pv Ltd,Gurugram(Sector 45),2-5 Yrs,https://www.naukri.com/job-listings-ai-and-automation-developer-genai-ai-agents-full-stack-ngspl-gurugram-2-to-5-years-041026004546,TAILORED_MANUAL,"react, next.js, rest api, node.js","{'keyword': 'node.js', 'status': 'UNSUPPORTED', 'evidence': []}",generated/Abhishek_Anand_Tailored_AI_and_Automation_Developer_GenAI_AI_Agents_Full_S_041026004546.docx
2026-10-05T09:44:12.110893,naukri,041026004651,Junior Full Stack Developer,Wissen Technology,Hyderabad,3-8 Yrs,https://www.naukri.com/job-listings-junior-full-stack-developer-wissen-technology-hyderabad-3-to-8-years-041026004651,TAILORED_MANUAL,"react, javascript, node.js","{'keyword': 'node.js', 'status': 'UNSUPPORTED', 'evidence': []}",generated/Abhishek_Anand_Tailored_Junior_Full_Stack_Developer_041026004651.docx
2026-10-05T09:45:18.061139,naukri,230926024074,Web Developer (Node.js),ProProfs,Hybrid - Noida(NSEZ),3-6 Yrs,https://www.naukri.com/job-listings-web-developer-node-js-proprofs-noida-3-to-6-years-230926024074,TAILORED_MANUAL,"typescript, rest api, node.js, express.js, mongodb","{'keyword': 'node.js', 'status': 'UNSUPPORTED', 'evidence': []}, {'keyword': 'express.js', 'status': 'UNSUPPORTED', 'evidence': []}, {'keyword': 'mongodb', 'status': 'UNSUPPORTED', 'evidence': []}",generated/Abhishek_Anand_Tailored_Web_Developer_Node_js_230926024074.docx
2026-10-06T10:48:22.298075,naukri,220424001506,Web Designer,Easemytrip,Noida,2-7 Yrs,https://www.naukri.com/job-listings-web-designer-easemytrip-com-noida-2-to-7-years-220424001506,TAILORED_MANUAL,"javascript, html5, css3",,generated/Abhishek_Anand_Tailored_Web_Designer_220424001506.docx
2026-10-06T11:40:28.406533,naukri,051026040389,React + Node Developer,Infosys,"Hybrid - Hyderabad, Chennai, Bengaluru",3-5 Yrs,https://www.naukri.com/job-listings-react-node-developer-infosys-hyderabad-chennai-bengaluru-3-to-5-years-051026040389,TAILORED_MANUAL,"react, node.js","{'keyword': 'node.js', 'status': 'UNSUPPORTED', 'evidence': []}",generated/Abhishek_Anand_Tailored_React_Node_Developer_051026040389.docx
2026-10-06T11:40:40.680965,naukri,120826935538,Java React Developer,Infosys,Chennai,3-5 Yrs,https://www.naukri.com/job-listings-java-react-developer-infosys-limited-chennai-3-to-5-years-120826935538,TAILORED_MANUAL,"react, redux, node.js","{'keyword': 'node.js', 'status': 'UNSUPPORTED', 'evidence': []}",generated/Abhishek_Anand_Tailored_Java_React_Developer_120826935538.docx
2026-10-06T11:40:45.793140,naukri,260826032376,React JS + Node JS Developer-S,Infosys,"Hybrid - Hyderabad, Chennai, Bengaluru",2-5 Yrs,https://www.naukri.com/job-listings-react-js-node-js-developer-s-infosys-hyderabad-chennai-bengaluru-2-to-5-years-260826032376,TAILORED_MANUAL,"react, next.js, typescript, javascript, redux, rest api, websockets, socket.io, node.js, express.js, mongodb, html5, css3, docker","{'keyword': 'socket.io', 'status': 'UNSUPPORTED', 'evidence': []}, {'keyword': 'node.js', 'status': 'UNSUPPORTED', 'evidence': []}, {'keyword': 'express.js', 'status': 'UNSUPPORTED', 'evidence': []}, {'keyword': 'mongodb', 'status': 'UNSUPPORTED', 'evidence': []}, {'keyword': 'docker', 'status': 'UNSUPPORTED', 'evidence': []}",generated/Abhishek_Anand_Tailored_React_JS_Node_JS_Developer_S_260826032376.docx
2026-10-06T11:41:00.658972,naukri,120826935541,Java React Developer,Infosys,Pune,3-5 Yrs,https://www.naukri.com/job-listings-java-react-developer-infosys-limited-pune-3-to-5-years-120826935541,TAILORED_MANUAL,"react, redux, node.js","{'keyword': 'node.js', 'status': 'UNSUPPORTED', 'evidence': []}",generated/Abhishek_Anand_Tailored_Java_React_Developer_120826935541.docx
2026-10-06T11:41:03.285624,naukri,100726919371,Java React Developer,Infosys,Bengaluru,3-5 Yrs,https://www.naukri.com/job-listings-java-react-developer-infosys-limited-bengaluru-3-to-5-years-100726919371,TAILORED_MANUAL,"react, redux, rest api, node.js","{'keyword': 'node.js', 'status': 'UNSUPPORTED', 'evidence': []}",generated/Abhishek_Anand_Tailored_Java_React_Developer_100726919371.docx
2026-10-06T11:41:33.176366,naukri,260826012831,React.js & Node.js Developer,Regent Campus D2,Chennai(Guindy),3-6 Yrs,https://www.naukri.com/job-listings-react-js-node-js-developer-regent-campus-d2-chennai-3-to-6-years-260826012831,TAILORED_MANUAL,"react, rest api, node.js, tailwind css, css3, azure","{'keyword': 'node.js', 'status': 'UNSUPPORTED', 'evidence': []}, {'keyword': 'azure', 'status': 'UNSUPPORTED', 'evidence': []}",generated/Abhishek_Anand_Tailored_React_js_Node_js_Developer_260826012831.docx
2026-10-06T11:41:43.236722,naukri,051026017089,FullStack Developer - 3 To 7 years,CONFIDENTIAL,"Gurugram, Pune, Mumbai (All Areas)",3-7 Yrs,https://www.naukri.com/job-listings-fullstack-developer-3-to-7-years-integel-institute-of-technology-tamil-nadu-pune-gurugram-mumbai-all-areas-3-to-7-years-051026017089,TAILORED_MANUAL,"javascript, rest api, html5",,generated/Abhishek_Anand_Tailored_FullStack_Developer_3_To_7_years_051026017089.docx
2026-10-06T11:41:53.252167,naukri,051026016499,Full Stack Develope-3 To 8 years,CONFIDENTIAL,"Hybrid - Hyderabad, Chennai, Bengaluru",3-8 Yrs,https://www.naukri.com/job-listings-full-stack-develope-3-to-8-years-integel-institute-of-technology-tamil-nadu-hyderabad-chennai-bengaluru-3-to-8-years-051026016499,TAILORED_MANUAL,javascript,,generated/Abhishek_Anand_Tailored_Full_Stack_Develope_3_To_8_years_051026016499.docx
2026-10-06T11:42:05.831289,naukri,051026931805,"Full Stack Developer (React, Node.js, AWS, DevOps)",Infosys,Bengaluru,3-5 Yrs,https://www.naukri.com/job-listings-full-stack-developer-react-node-js-aws-devops-infosys-limited-bengaluru-3-to-5-years-051026931805,TAILORED_MANUAL,"react, typescript, javascript, rest api, node.js, express.js, mongodb, docker","{'keyword': 'node.js', 'status': 'UNSUPPORTED', 'evidence': []}, {'keyword': 'express.js', 'status': 'UNSUPPORTED', 'evidence': []}, {'keyword': 'mongodb', 'status': 'UNSUPPORTED', 'evidence': []}, {'keyword': 'docker', 'status': 'UNSUPPORTED', 'evidence': []}",generated/Abhishek_Anand_Tailored_Full_Stack_Developer_React_Node_js_AWS_DevOps_051026931805.docx
2026-10-06T11:42:18.756590,naukri,061026004064,Web Developer,Shree Guru Gobind Singh Tricentenary University (SGTU),Gurugram,2-4 Yrs,https://www.naukri.com/job-listings-web-developer-shree-guru-gobind-singh-tricentenary-university-sgtu-gurugram-2-to-4-years-061026004064,TAILORED_MANUAL,"react, javascript, rest api, node.js, mongodb, tailwind css, html5, css3","{'keyword': 'node.js', 'status': 'UNSUPPORTED', 'evidence': []}, {'keyword': 'mongodb', 'status': 'UNSUPPORTED', 'evidence': []}",generated/Abhishek_Anand_Tailored_Web_Developer_061026004064.docx
2026-10-06T11:42:31.111694,naukri,120826000158,Python and Django Developer-S,Infosys,"Hyderabad, Chennai, Bengaluru",2-3 Yrs,https://www.naukri.com/job-listings-python-and-django-developer-s-infosys-hyderabad-chennai-bengaluru-2-to-3-years-120826000158,TAILORED_MANUAL,"react, javascript, rest api, docker","{'keyword': 'docker', 'status': 'UNSUPPORTED', 'evidence': []}",generated/Abhishek_Anand_Tailored_Python_and_Django_Developer_S_120826000158.docx
2026-10-06T11:42:36.621025,naukri,241125031146,Mean Mern Stack Developer,Infosys,"Hyderabad, Chennai, Bengaluru",3-8 Yrs,https://www.naukri.com/job-listings-mean-mern-stack-developer-infosys-hyderabad-chennai-bengaluru-3-to-8-years-241125031146,TAILORED_MANUAL,"javascript, node.js, express.js, mern","{'keyword': 'node.js', 'status': 'UNSUPPORTED', 'evidence': []}, {'keyword': 'express.js', 'status': 'UNSUPPORTED', 'evidence': []}, {'keyword': 'mern', 'status': 'UNSUPPORTED', 'evidence': []}",generated/Abhishek_Anand_Tailored_Mean_Mern_Stack_Developer_241125031146.docx
2026-10-06T11:42:41.618687,naukri,051026931058,React JS and Node JS Developer,Infosys,Chennai,3-5 Yrs,https://www.naukri.com/job-listings-react-js-and-node-js-developer-infosys-limited-chennai-3-to-5-years-051026931058,TAILORED_MANUAL,"react, node.js","{'keyword': 'node.js', 'status': 'UNSUPPORTED', 'evidence': []}",generated/Abhishek_Anand_Tailored_React_JS_and_Node_JS_Developer_051026931058.docx
2026-10-06T11:42:44.269509,naukri,290626928346,Java Full Stack developer with React and NodeJS,Infosys,Hyderabad,3-5 Yrs,https://www.naukri.com/job-listings-java-full-stack-developer-with-react-and-nodejs-infosys-limited-hyderabad-3-to-5-years-290626928346,TAILORED_MANUAL,"react, node.js","{'keyword': 'node.js', 'status': 'UNSUPPORTED', 'evidence': []}",generated/Abhishek_Anand_Tailored_Java_Full_Stack_developer_with_React_and_NodeJS_290626928346.docx
2026-10-06T11:42:49.591017,naukri,051026040310,Angular +Node developer,Infosys,"Hybrid - Hyderabad, Chennai, Bengaluru",3-5 Yrs,https://www.naukri.com/job-listings-angular-node-developer-infosys-hyderabad-chennai-bengaluru-3-to-5-years-051026040310,TAILORED_MANUAL,"react, node.js","{'keyword': 'node.js', 'status': 'UNSUPPORTED', 'evidence': []}",generated/Abhishek_Anand_Tailored_Angular_Node_developer_051026040310.docx
2026-10-06T11:42:52.067831,naukri,051026039873,React JS Developer,Nxtwave Disruptive Technologies(Hiring for a Client),Bengaluru,2-4 Yrs,https://www.naukri.com/job-listings-react-js-developer-nxtwave-disruptive-technologies-hiring-for-a-client-bengaluru-2-to-4-years-051026039873,TAILORED_MANUAL,"react, javascript, redux, css3",,generated/Abhishek_Anand_Tailored_React_JS_Developer_051026039873.docx
2026-10-06T11:42:54.573201,naukri,051026019305,Front End Developer (Ext.js & React.js),Interface Infosoft,Pune,3-6 Yrs,https://www.naukri.com/job-listings-front-end-developer-ext-js-react-js-interface-infosoft-pune-3-to-6-years-051026019305,TAILORED_MANUAL,"react, typescript, javascript, rest api",,generated/Abhishek_Anand_Tailored_Front_End_Developer_Ext_js_React_js_051026019305.docx
2026-10-06T11:42:57.286167,naukri,190826038428,React JS Developer,Infosys,"Hybrid - Pune, Chennai, Bengaluru",2-5 Yrs,https://www.naukri.com/job-listings-react-js-developer-infosys-pune-chennai-bengaluru-2-to-5-years-190826038428,TAILORED_MANUAL,"react, next.js, typescript, javascript, redux, context api, rest api, node.js, material ui, html5, css3, jest, react testing library, azure","{'keyword': 'node.js', 'status': 'UNSUPPORTED', 'evidence': []}, {'keyword': 'azure', 'status': 'UNSUPPORTED', 'evidence': []}",generated/Abhishek_Anand_Tailored_React_JS_Developer_190826038428.docx
2026-10-06T11:43:27.355998,naukri,200826033286,Python + React developer_2-3yrs,Infosys,"Hybrid - Pune, Chennai, Bengaluru",2-3 Yrs,https://www.naukri.com/job-listings-python-react-developer-2-3yrs-infosys-pune-chennai-bengaluru-2-to-3-years-200826033286,TAILORED_MANUAL,"react, rest api",,generated/Abhishek_Anand_Tailored_Python_React_developer_2_3yrs_200826033286.docx
2026-10-06T11:43:32.341620,naukri,240926000124,Python and Django Developer-S,Infosys,"Hybrid - Hyderabad, Pune, Bengaluru",2-7 Yrs,https://www.naukri.com/job-listings-python-and-django-developer-s-infosys-hyderabad-pune-bengaluru-2-to-7-years-240926000124,TAILORED_MANUAL,"react, javascript, rest api, docker","{'keyword': 'docker', 'status': 'UNSUPPORTED', 'evidence': []}",generated/Abhishek_Anand_Tailored_Python_and_Django_Developer_S_240926000124.docx
2026-10-06T11:43:34.846489,naukri,240826031577,Python Backend Developer-S,Infosys,"Hyderabad, Pune, Bengaluru",3-8 Yrs,https://www.naukri.com/job-listings-python-backend-developer-s-infosys-hyderabad-pune-bengaluru-3-to-8-years-240826031577,TAILORED_MANUAL,"react, javascript, rest api, docker","{'keyword': 'docker', 'status': 'UNSUPPORTED', 'evidence': []}",generated/Abhishek_Anand_Tailored_Python_Backend_Developer_S_240826031577.docx
2026-10-06T11:43:37.370144,naukri,240826031563,Python and Django Developer-S,Infosys,"Hyderabad, Pune, Bengaluru",2-3 Yrs,https://www.naukri.com/job-listings-python-and-django-developer-s-infosys-hyderabad-pune-bengaluru-2-to-3-years-240826031563,TAILORED_MANUAL,"react, javascript, rest api, docker","{'keyword': 'docker', 'status': 'UNSUPPORTED', 'evidence': []}",generated/Abhishek_Anand_Tailored_Python_and_Django_Developer_S_240826031563.docx
2026-10-06T11:43:49.792959,naukri,051026930416,React JS Developer,Infosys,Pune,3-5 Yrs,https://www.naukri.com/job-listings-react-js-developer-infosys-limited-pune-3-to-5-years-051026930416,TAILORED_MANUAL,"react, typescript, javascript, redux",,generated/Abhishek_Anand_Tailored_React_JS_Developer_051026930416.docx
2026-10-06T11:43:58.027713,naukri,051026041025,UI Developer (Angular/React) (5-7),Infosys,Bengaluru,3-5 Yrs,https://www.naukri.com/job-listings-ui-developer-angular-react-5-7-infosys-bengaluru-3-to-5-years-051026041025,TAILORED_MANUAL,"react, typescript, javascript, rest api, node.js","{'keyword': 'node.js', 'status': 'UNSUPPORTED', 'evidence': []}",generated/Abhishek_Anand_Tailored_UI_Developer_Angular_React_5_7_051026041025.docx
2026-10-06T11:44:00.979139,naukri,051026007194,Full Stack Developer (React & Angular),Creative Minds,"Mumbai(Dahisar East), Mumbai Suburban, Mumbai (All Areas)",3-6 Yrs,https://www.naukri.com/job-listings-full-stack-developer-react-angular-creative-minds-mumbai-mumbai-suburban-mumbai-all-areas-3-to-6-years-051026007194,TAILORED_MANUAL,"react, typescript, javascript, rest api, node.js, mongodb, html5, css3","{'keyword': 'node.js', 'status': 'UNSUPPORTED', 'evidence': []}, {'keyword': 'mongodb', 'status': 'UNSUPPORTED', 'evidence': []}",generated/Abhishek_Anand_Tailored_Full_Stack_Developer_React_Angular_051026007194.docx
2026-10-06T11:44:22.951205,naukri,051026040346,Angular +Node developer,Infosys,"Hybrid - Pune, Chennai, Bengaluru",3-5 Yrs,https://www.naukri.com/job-listings-angular-node-developer-infosys-pune-chennai-bengaluru-3-to-5-years-051026040346,TAILORED_MANUAL,"react, node.js","{'keyword': 'node.js', 'status': 'UNSUPPORTED', 'evidence': []}",generated/Abhishek_Anand_Tailored_Angular_Node_developer_051026040346.docx
2026-10-06T11:44:25.451371,naukri,051026040339,Angular +Node developer (PAN INDIA),Infosys,"Hybrid - Pune, Chennai, Bengaluru",3-5 Yrs,https://www.naukri.com/job-listings-angular-node-developer-pan-india-infosys-pune-chennai-bengaluru-3-to-5-years-051026040339,TAILORED_MANUAL,"react, node.js","{'keyword': 'node.js', 'status': 'UNSUPPORTED', 'evidence': []}",generated/Abhishek_Anand_Tailored_Angular_Node_developer_PAN_INDIA_051026040339.docx
2026-10-06T11:44:38.423980,naukri,210726032430,Full Stack Developer (ERP Applications),Eckstein- Engineering Business Solutions,Pune(Bhugaon),3-5 Yrs,https://www.naukri.com/job-listings-full-stack-developer-erp-applications-eckstein-engineering-business-solutions-pune-3-to-5-years-210726032430,TAILORED_MANUAL,"react, typescript, javascript, rest api, node.js, express.js, mongodb, html5, css3, docker, azure","{'keyword': 'node.js', 'status': 'UNSUPPORTED', 'evidence': []}, {'keyword': 'express.js', 'status': 'UNSUPPORTED', 'evidence': []}, {'keyword': 'mongodb', 'status': 'UNSUPPORTED', 'evidence': []}, {'keyword': 'docker', 'status': 'UNSUPPORTED', 'evidence': []}, {'keyword': 'azure', 'status': 'UNSUPPORTED', 'evidence': []}",generated/Abhishek_Anand_Tailored_Full_Stack_Developer_ERP_Applications_210726032430.docx
2026-10-06T11:45:03.659648,naukri,130826009225,Python+Reactjs -INF(2 To 9),Infosys,"Hybrid - Hyderabad, Pune, Chennai",2-7 Yrs,https://www.naukri.com/job-listings-python-reactjs-inf-2-to-9-infosys-hyderabad-pune-chennai-2-to-7-years-130826009225,TAILORED_MANUAL,react,,generated/Abhishek_Anand_Tailored_Python_Reactjs_INF_2_To_9_130826009225.docx
2026-10-06T11:45:06.087552,naukri,130826009208,Python+Reactjs -INF(2 To 9),Infosys,"Hybrid - Hyderabad, Chennai, Bengaluru",2-7 Yrs,https://www.naukri.com/job-listings-python-reactjs-inf-2-to-9-infosys-hyderabad-chennai-bengaluru-2-to-7-years-130826009208,TAILORED_MANUAL,react,,generated/Abhishek_Anand_Tailored_Python_Reactjs_INF_2_To_9_130826009208.docx
2026-10-06T11:45:10.970074,naukri,110826036374,Python+Reactjs -INF(2 To 9)YRS,Infosys,"Hyderabad, Chennai, Bengaluru",2-7 Yrs,https://www.naukri.com/job-listings-python-reactjs-inf-2-to-9-yrs-infosys-hyderabad-chennai-bengaluru-2-to-7-years-110826036374,TAILORED_MANUAL,react,,generated/Abhishek_Anand_Tailored_Python_Reactjs_INF_2_To_9_YRS_110826036374.docx
2026-10-06T11:45:13.586308,naukri,190826038463,Node Js Developer,Infosys,"Hybrid - Hyderabad, Pune, Bengaluru",2-5 Yrs,https://www.naukri.com/job-listings-node-js-developer-infosys-hyderabad-pune-bengaluru-2-to-5-years-190826038463,TAILORED_MANUAL,"typescript, javascript, rest api, node.js, express.js, mongodb, docker, azure","{'keyword': 'node.js', 'status': 'UNSUPPORTED', 'evidence': []}, {'keyword': 'express.js', 'status': 'UNSUPPORTED', 'evidence': []}, {'keyword': 'mongodb', 'status': 'UNSUPPORTED', 'evidence': []}, {'keyword': 'docker', 'status': 'UNSUPPORTED', 'evidence': []}, {'keyword': 'azure', 'status': 'UNSUPPORTED', 'evidence': []}",generated/Abhishek_Anand_Tailored_Node_Js_Developer_190826038463.docx
2026-10-06T11:45:33.739397,naukri,130826009243,Python+Reactjs -INF(2 To 9),Infosys,"Hybrid - Pune, Chennai, Bengaluru",2-7 Yrs,https://www.naukri.com/job-listings-python-reactjs-inf-2-to-9-infosys-pune-chennai-bengaluru-2-to-7-years-130826009243,TAILORED_MANUAL,react,,generated/Abhishek_Anand_Tailored_Python_Reactjs_INF_2_To_9_130826009243.docx
2026-10-06T11:45:46.804683,naukri,051026005536,Full Stack Developer,Tenacious Hr Solution,"Bengaluru, Delhi / NCR, Mumbai (All Areas)",2-7 Yrs,https://www.naukri.com/job-listings-full-stack-developer-tenacious-hr-solution-bengaluru-delhi-ncr-mumbai-all-areas-2-to-7-years-051026005536,TAILORED_MANUAL,"react, javascript, rest api, node.js, mongodb, docker, azure","{'keyword': 'node.js', 'status': 'UNSUPPORTED', 'evidence': []}, {'keyword': 'mongodb', 'status': 'UNSUPPORTED', 'evidence': []}, {'keyword': 'docker', 'status': 'UNSUPPORTED', 'evidence': []}, {'keyword': 'azure', 'status': 'UNSUPPORTED', 'evidence': []}",generated/Abhishek_Anand_Tailored_Full_Stack_Developer_051026005536.docx
2026-10-06T11:46:06.916840,naukri,150926031936,Fullstack Developer,Lexora Reality Holdings Pvt Ltd,Bengaluru(MG Road),3-5 Yrs,https://www.naukri.com/job-listings-fullstack-developer-bluemavericks-bengaluru-3-to-5-years-150926031936,TAILORED_MANUAL,"react, next.js, node.js, mongodb","{'keyword': 'node.js', 'status': 'UNSUPPORTED', 'evidence': []}, {'keyword': 'mongodb', 'status': 'UNSUPPORTED', 'evidence': []}",generated/Abhishek_Anand_Tailored_Fullstack_Developer_150926031936.docx
2026-10-06T11:46:14.449814,naukri,061026004261,Front End Engineer,One Window Overseas Education,Hyderabad,3-5 Yrs,https://www.naukri.com/job-listings-front-end-engineer-one-window-overseas-education-hyderabad-3-to-5-years-061026004261,TAILORED_MANUAL,"react, javascript, rest api, html5, css3",,generated/Abhishek_Anand_Tailored_Front_End_Engineer_061026004261.docx
2026-10-06T11:46:35.391016,naukri,051026004985,Fullstack Developer,Chandorkar Technologies,Pune(Baner),3-7 Yrs,https://www.naukri.com/job-listings-fullstack-developer-chandorkar-technologies-pune-3-to-7-years-051026004985,TAILORED_MANUAL,"react, node.js","{'keyword': 'node.js', 'status': 'UNSUPPORTED', 'evidence': []}",generated/Abhishek_Anand_Tailored_Fullstack_Developer_051026004985.docx
2026-10-06T12:05:05.535819,naukri,051026928516,JavaScript developer ( React.js ),Shashwath Solution,Noida,3-4 Yrs,https://www.naukri.com/job-listings-javascript-developer-react-js-shashwath-solution-noida-3-to-4-years-051026928516,TAILORED_MANUAL,"react, typescript, javascript, redux, node.js, mongodb, webpack","{'keyword': 'node.js', 'status': 'UNSUPPORTED', 'evidence': []}, {'keyword': 'mongodb', 'status': 'UNSUPPORTED', 'evidence': []}",generated/Abhishek_Anand_Tailored_JavaScript_developer_React_js_051026928516.docx
2026-10-06T12:05:20.307802,naukri,051026928450,Full Stack Lead Developer (React.js+Node.js),Shashwath Solution,Pune,3-5 Yrs,https://www.naukri.com/job-listings-full-stack-lead-developer-react-js-node-js-shashwath-solution-pune-3-to-5-years-051026928450,TAILORED_MANUAL,"react, javascript, node.js, mongodb, azure","{'keyword': 'node.js', 'status': 'UNSUPPORTED', 'evidence': []}, {'keyword': 'mongodb', 'status': 'UNSUPPORTED', 'evidence': []}, {'keyword': 'azure', 'status': 'UNSUPPORTED', 'evidence': []}",generated/Abhishek_Anand_Tailored_Full_Stack_Lead_Developer_React_js_Node_js_051026928450.docx
2026-10-06T12:05:32.786072,naukri,051026927048,React Native Developer (Mobile + Web),Shashwath Solution,Pune,2-3 Yrs,https://www.naukri.com/job-listings-react-native-developer-mobile-web-shashwath-solution-pune-2-to-3-years-051026927048,TAILORED_MANUAL,"react, typescript, javascript, redux",,generated/Abhishek_Anand_Tailored_React_Native_Developer_Mobile_Web_051026927048.docx
2026-10-06T12:05:40.276832,naukri,051026926868,JavaScript developer (React.js ),Shashwath Solution,Noida,3-5 Yrs,https://www.naukri.com/job-listings-javascript-developer-react-js-shashwath-solution-noida-3-to-5-years-051026926868,TAILORED_MANUAL,"react, javascript, redux, rest api, webpack",,generated/Abhishek_Anand_Tailored_JavaScript_developer_React_js_051026926868.docx
2026-10-06T12:05:47.746839,naukri,051026924314,JavaScript developer (React.js ),Shashwath Solution,Pune,3-5 Yrs,https://www.naukri.com/job-listings-javascript-developer-react-js-shashwath-solution-pune-3-to-5-years-051026924314,TAILORED_MANUAL,"react, javascript, redux, rest api, webpack",,generated/Abhishek_Anand_Tailored_JavaScript_developer_React_js_051026924314.docx
